
-- Users
INSERT INTO user (user_id, username, password, status, level) VALUES (1, 'user1', MD5('password1'), 'active', 'admin');
INSERT INTO user (user_id, username, password, status, level) VALUES (2, 'user2', MD5('password2'), 'active', 'admin');
INSERT INTO user (user_id, username, password, status, level) VALUES (3, 'user3', MD5('password3'), 'active', 'cashier');
INSERT INTO user (user_id, username, password, status, level) VALUES (4, 'user4', MD5('password4'), 'active', 'cashier');
INSERT INTO user (user_id, username, password, status, level) VALUES (5, 'user5', MD5('password5'), 'active', 'cashier');

-- Menu Items
INSERT INTO menu_items (menu_item_id, name, price, type, status, redeemable_points) VALUES (1, 'Nasi Goreng', 25000, 'food', 'active', 25);
INSERT INTO menu_items (menu_item_id, name, price, type, status, redeemable_points) VALUES (2, 'Mie Goreng', 22000, 'food', 'active', 22);
INSERT INTO menu_items (menu_item_id, name, price, type, status, redeemable_points) VALUES (3, 'Ayam Bakar', 30000, 'food', 'active', 30);
INSERT INTO menu_items (menu_item_id, name, price, type, status, redeemable_points) VALUES (4, 'Burger', 35000, 'food', 'active', 35);
INSERT INTO menu_items (menu_item_id, name, price, type, status, redeemable_points) VALUES (5, 'Pizza', 45000, 'food', 'active', 45);
INSERT INTO menu_items (menu_item_id, name, price, type, status, redeemable_points) VALUES (6, 'Kopi Hitam', 15000, 'beverage', 'active', 15);
INSERT INTO menu_items (menu_item_id, name, price, type, status, redeemable_points) VALUES (7, 'Cappuccino', 25000, 'beverage', 'active', 25);
INSERT INTO menu_items (menu_item_id, name, price, type, status, redeemable_points) VALUES (8, 'Teh Manis', 10000, 'beverage', 'active', 10);
INSERT INTO menu_items (menu_item_id, name, price, type, status, redeemable_points) VALUES (9, 'Es Jeruk', 12000, 'beverage', 'active', 12);
INSERT INTO menu_items (menu_item_id, name, price, type, status, redeemable_points) VALUES (10, 'Milkshake', 20000, 'beverage', 'active', 20);
INSERT INTO menu_items (menu_item_id, name, price, type, status, redeemable_points) VALUES (11, 'Nasi Goreng', 25000, 'food', 'active', 25);
INSERT INTO menu_items (menu_item_id, name, price, type, status, redeemable_points) VALUES (12, 'Mie Goreng', 22000, 'food', 'active', 22);
INSERT INTO menu_items (menu_item_id, name, price, type, status, redeemable_points) VALUES (13, 'Ayam Bakar', 30000, 'food', 'active', 30);
INSERT INTO menu_items (menu_item_id, name, price, type, status, redeemable_points) VALUES (14, 'Burger', 35000, 'food', 'active', 35);
INSERT INTO menu_items (menu_item_id, name, price, type, status, redeemable_points) VALUES (15, 'Pizza', 45000, 'food', 'active', 45);
INSERT INTO menu_items (menu_item_id, name, price, type, status, redeemable_points) VALUES (16, 'Kopi Hitam', 15000, 'beverage', 'active', 15);
INSERT INTO menu_items (menu_item_id, name, price, type, status, redeemable_points) VALUES (17, 'Cappuccino', 25000, 'beverage', 'active', 25);
INSERT INTO menu_items (menu_item_id, name, price, type, status, redeemable_points) VALUES (18, 'Teh Manis', 10000, 'beverage', 'active', 10);
INSERT INTO menu_items (menu_item_id, name, price, type, status, redeemable_points) VALUES (19, 'Es Jeruk', 12000, 'beverage', 'active', 12);
INSERT INTO menu_items (menu_item_id, name, price, type, status, redeemable_points) VALUES (20, 'Milkshake', 20000, 'beverage', 'active', 20);
INSERT INTO menu_items (menu_item_id, name, price, type, status, redeemable_points) VALUES (21, 'Nasi Goreng', 25000, 'food', 'active', 25);
INSERT INTO menu_items (menu_item_id, name, price, type, status, redeemable_points) VALUES (22, 'Mie Goreng', 22000, 'food', 'active', 22);
INSERT INTO menu_items (menu_item_id, name, price, type, status, redeemable_points) VALUES (23, 'Ayam Bakar', 30000, 'food', 'active', 30);
INSERT INTO menu_items (menu_item_id, name, price, type, status, redeemable_points) VALUES (24, 'Burger', 35000, 'food', 'active', 35);
INSERT INTO menu_items (menu_item_id, name, price, type, status, redeemable_points) VALUES (25, 'Pizza', 45000, 'food', 'active', 45);
INSERT INTO menu_items (menu_item_id, name, price, type, status, redeemable_points) VALUES (26, 'Kopi Hitam', 15000, 'beverage', 'active', 15);
INSERT INTO menu_items (menu_item_id, name, price, type, status, redeemable_points) VALUES (27, 'Cappuccino', 25000, 'beverage', 'active', 25);
INSERT INTO menu_items (menu_item_id, name, price, type, status, redeemable_points) VALUES (28, 'Teh Manis', 10000, 'beverage', 'active', 10);
INSERT INTO menu_items (menu_item_id, name, price, type, status, redeemable_points) VALUES (29, 'Es Jeruk', 12000, 'beverage', 'active', 12);
INSERT INTO menu_items (menu_item_id, name, price, type, status, redeemable_points) VALUES (30, 'Milkshake', 20000, 'beverage', 'active', 20);

-- Customers
INSERT INTO customers (customer_id, name, phone_number, points, status) VALUES (1, 'Budi Dewi', '087588265862', 13, 'active');
INSERT INTO customers (customer_id, name, phone_number, points, status) VALUES (2, 'Gilang Ilham', '081029066673', 435, 'active');
INSERT INTO customers (customer_id, name, phone_number, points, status) VALUES (3, 'Ilham Raka', '086357739980', 475, 'active');
INSERT INTO customers (customer_id, name, phone_number, points, status) VALUES (4, 'Kartini Ilham', '085335596605', 114, 'active');
INSERT INTO customers (customer_id, name, phone_number, points, status) VALUES (5, 'Utami Putri', '085580776768', 341, 'active');
INSERT INTO customers (customer_id, name, phone_number, points, status) VALUES (6, 'Kartini Fitri', '085766190441', 174, 'active');
INSERT INTO customers (customer_id, name, phone_number, points, status) VALUES (7, 'Hana Kartini', '082288672108', 298, 'active');
INSERT INTO customers (customer_id, name, phone_number, points, status) VALUES (8, 'Gilang Kartini', '089574316456', 376, 'active');
INSERT INTO customers (customer_id, name, phone_number, points, status) VALUES (9, 'Sinta Gilang', '088878189278', 77, 'active');
INSERT INTO customers (customer_id, name, phone_number, points, status) VALUES (10, 'Andi Fitri', '082664159900', 228, 'active');
INSERT INTO customers (customer_id, name, phone_number, points, status) VALUES (11, 'Fitri Lestari', '089543518082', 43, 'active');
INSERT INTO customers (customer_id, name, phone_number, points, status) VALUES (12, 'Andi Eko', '086280948217', 225, 'active');
INSERT INTO customers (customer_id, name, phone_number, points, status) VALUES (13, 'Hana Utami', '084320781895', 3, 'active');
INSERT INTO customers (customer_id, name, phone_number, points, status) VALUES (14, 'Maya Lestari', '086691477935', 258, 'active');
INSERT INTO customers (customer_id, name, phone_number, points, status) VALUES (15, 'Ilham Ilham', '083091657816', 416, 'active');
INSERT INTO customers (customer_id, name, phone_number, points, status) VALUES (16, 'Hana Joko', '084226002704', 445, 'active');
INSERT INTO customers (customer_id, name, phone_number, points, status) VALUES (17, 'Ilham Andi', '085514763835', 393, 'active');
INSERT INTO customers (customer_id, name, phone_number, points, status) VALUES (18, 'Raka Oka', '084846846942', 307, 'active');
INSERT INTO customers (customer_id, name, phone_number, points, status) VALUES (19, 'Andi Ilham', '088130624162', 144, 'active');
INSERT INTO customers (customer_id, name, phone_number, points, status) VALUES (20, 'Lestari Budi', '084870542742', 438, 'active');
INSERT INTO customers (customer_id, name, phone_number, points, status) VALUES (21, 'Fitri Taufik', '084239517699', 330, 'active');
INSERT INTO customers (customer_id, name, phone_number, points, status) VALUES (22, 'Budi Eko', '086416954342', 282, 'active');
INSERT INTO customers (customer_id, name, phone_number, points, status) VALUES (23, 'Joko Taufik', '086139981052', 297, 'active');
INSERT INTO customers (customer_id, name, phone_number, points, status) VALUES (24, 'Andi Kartini', '085981388712', 415, 'active');
INSERT INTO customers (customer_id, name, phone_number, points, status) VALUES (25, 'Ilham Citra', '084544534788', 287, 'active');
INSERT INTO customers (customer_id, name, phone_number, points, status) VALUES (26, 'Dewi Raka', '083593128619', 425, 'active');
INSERT INTO customers (customer_id, name, phone_number, points, status) VALUES (27, 'Dewi Oka', '081742867813', 146, 'active');
INSERT INTO customers (customer_id, name, phone_number, points, status) VALUES (28, 'Putri Fitri', '087345745217', 417, 'active');
INSERT INTO customers (customer_id, name, phone_number, points, status) VALUES (29, 'Fitri Budi', '084987695736', 321, 'active');
INSERT INTO customers (customer_id, name, phone_number, points, status) VALUES (30, 'Gilang Ilham', '082207480380', 234, 'active');
INSERT INTO customers (customer_id, name, phone_number, points, status) VALUES (31, 'Ilham Lestari', '084827263296', 366, 'active');
INSERT INTO customers (customer_id, name, phone_number, points, status) VALUES (32, 'Budi Maya', '083446138636', 95, 'active');
INSERT INTO customers (customer_id, name, phone_number, points, status) VALUES (33, 'Gilang Oka', '082216759695', 67, 'active');
INSERT INTO customers (customer_id, name, phone_number, points, status) VALUES (34, 'Fitri Ilham', '083229038476', 203, 'active');
INSERT INTO customers (customer_id, name, phone_number, points, status) VALUES (35, 'Citra Ilham', '083347315035', 271, 'active');
INSERT INTO customers (customer_id, name, phone_number, points, status) VALUES (36, 'Citra Fitri', '083399502532', 447, 'active');
INSERT INTO customers (customer_id, name, phone_number, points, status) VALUES (37, 'Ilham Gilang', '088010482806', 274, 'active');
INSERT INTO customers (customer_id, name, phone_number, points, status) VALUES (38, 'Nina Ilham', '083785506069', 278, 'active');
INSERT INTO customers (customer_id, name, phone_number, points, status) VALUES (39, 'Sinta Budi', '083164066901', 47, 'active');
INSERT INTO customers (customer_id, name, phone_number, points, status) VALUES (40, 'Ilham Ilham', '081520690762', 454, 'active');
INSERT INTO customers (customer_id, name, phone_number, points, status) VALUES (41, 'Sinta Andi', '087357609720', 291, 'active');
INSERT INTO customers (customer_id, name, phone_number, points, status) VALUES (42, 'Fitri Andi', '088284496619', 383, 'active');
INSERT INTO customers (customer_id, name, phone_number, points, status) VALUES (43, 'Nina Utami', '088507449572', 86, 'active');
INSERT INTO customers (customer_id, name, phone_number, points, status) VALUES (44, 'Gilang Raka', '084579275447', 427, 'active');
INSERT INTO customers (customer_id, name, phone_number, points, status) VALUES (45, 'Lestari Joko', '082237779519', 422, 'active');
INSERT INTO customers (customer_id, name, phone_number, points, status) VALUES (46, 'Nina Budi', '084702866242', 29, 'active');
INSERT INTO customers (customer_id, name, phone_number, points, status) VALUES (47, 'Kartini Raka', '089599280748', 191, 'active');
INSERT INTO customers (customer_id, name, phone_number, points, status) VALUES (48, 'Raka Andi', '088106962864', 293, 'active');
INSERT INTO customers (customer_id, name, phone_number, points, status) VALUES (49, 'Sinta Fitri', '086609543989', 359, 'active');
INSERT INTO customers (customer_id, name, phone_number, points, status) VALUES (50, 'Citra Utami', '084892733699', 56, 'active');

-- Discounts
INSERT INTO discount (status, discount_id, name, percentage, range_days, created_at, updated_at, applied_at) VALUES ('active', 1, 'Promo Awal Tahun', 10, 30, NOW(), NULL, '2024-07-18 10:00:00');
INSERT INTO discount (status, discount_id, name, percentage, range_days, created_at, updated_at, applied_at) VALUES ('active', 2, 'Diskon Spesial', 15, 14, NOW(), NULL, '2024-07-12 10:00:00');
INSERT INTO discount (status, discount_id, name, percentage, range_days, created_at, updated_at, applied_at) VALUES ('active', 3, 'Promo Akhir Bulan', 20, 7, NOW(), NULL, '2024-07-11 10:00:00');
INSERT INTO discount (status, discount_id, name, percentage, range_days, created_at, updated_at, applied_at) VALUES ('active', 4, 'Diskon Akhir Pekan', 25, 3, NOW(), NULL, '2024-07-14 10:00:00');
INSERT INTO discount (status, discount_id, name, percentage, range_days, created_at, updated_at, applied_at) VALUES ('active', 5, 'Promo Hari Libur', 30, 10, NOW(), NULL, '2024-07-13 10:00:00');

-- Orders and Order Items (from previous generation)
INSERT INTO orders (order_id, customer_id, cashier, discount_id, order_date, total_amount) VALUES (NULL, 30, 2, 1, '2024-07-07 00:00:00', 145000);
INSERT INTO orders (order_id, customer_id, cashier, discount_id, order_date, total_amount) VALUES (NULL, 12, 3, 3, '2024-07-01 00:00:00', 122000);
INSERT INTO orders (order_id, customer_id, cashier, discount_id, order_date, total_amount) VALUES (NULL, 30, 2, 4, '2024-11-14 00:00:00', 205000);
INSERT INTO orders (order_id, customer_id, cashier, discount_id, order_date, total_amount) VALUES (NULL, 2, 3, 3, '2024-08-23 00:00:00', 150000);
INSERT INTO orders (order_id, customer_id, cashier, discount_id, order_date, total_amount) VALUES (NULL, 50, 4, 3, '2024-09-04 00:00:00', 30000);
INSERT INTO orders (order_id, customer_id, cashier, discount_id, order_date, total_amount) VALUES (NULL, 25, 3, 3, '2024-07-29 00:00:00', 162000);
INSERT INTO orders (order_id, customer_id, cashier, discount_id, order_date, total_amount) VALUES (NULL, 43, 2, NULL, '2024-10-16 00:00:00', 316000);
INSERT INTO orders (order_id, customer_id, cashier, discount_id, order_date, total_amount) VALUES (NULL, 36, 4, 2, '2024-08-11 00:00:00', 54000);
INSERT INTO orders (order_id, customer_id, cashier, discount_id, order_date, total_amount) VALUES (NULL, 17, 1, 2, '2024-07-10 00:00:00', 145000);
INSERT INTO orders (order_id, customer_id, cashier, discount_id, order_date, total_amount) VALUES (NULL, 43, 2, 1, '2024-07-31 00:00:00', 120000);
INSERT INTO orders (order_id, customer_id, cashier, discount_id, order_date, total_amount) VALUES (NULL, 28, 1, 2, '2024-09-12 00:00:00', 185000);
INSERT INTO orders (order_id, customer_id, cashier, discount_id, order_date, total_amount) VALUES (NULL, 9, 3, 1, '2024-10-17 00:00:00', 212000);
INSERT INTO orders (order_id, customer_id, cashier, discount_id, order_date, total_amount) VALUES (NULL, 11, 3, 3, '2024-11-01 00:00:00', 185000);
INSERT INTO orders (order_id, customer_id, cashier, discount_id, order_date, total_amount) VALUES (NULL, 50, 2, 2, '2024-11-01 00:00:00', 160000);
INSERT INTO orders (order_id, customer_id, cashier, discount_id, order_date, total_amount) VALUES (NULL, 41, 4, NULL, '2024-07-29 00:00:00', 61000);
INSERT INTO orders (order_id, customer_id, cashier, discount_id, order_date, total_amount) VALUES (NULL, 45, 2, 4, '2024-11-10 00:00:00', 120000);
INSERT INTO orders (order_id, customer_id, cashier, discount_id, order_date, total_amount) VALUES (NULL, 42, 4, 4, '2024-08-18 00:00:00', 20000);
INSERT INTO orders (order_id, customer_id, cashier, discount_id, order_date, total_amount) VALUES (NULL, 18, 2, 4, '2024-07-14 00:00:00', 115000);
INSERT INTO orders (order_id, customer_id, cashier, discount_id, order_date, total_amount) VALUES (NULL, 27, 2, 1, '2024-10-16 00:00:00', 45000);
INSERT INTO orders (order_id, customer_id, cashier, discount_id, order_date, total_amount) VALUES (NULL, 2, 2, 1, '2024-10-25 00:00:00', 175000);
INSERT INTO orders (order_id, customer_id, cashier, discount_id, order_date, total_amount) VALUES (NULL, 15, 1, 5, '2024-11-18 00:00:00', 141000);
INSERT INTO orders (order_id, customer_id, cashier, discount_id, order_date, total_amount) VALUES (NULL, 9, 1, NULL, '2024-10-30 00:00:00', 65000);
INSERT INTO orders (order_id, customer_id, cashier, discount_id, order_date, total_amount) VALUES (NULL, 14, 4, 1, '2024-07-28 00:00:00', 167000);
INSERT INTO orders (order_id, customer_id, cashier, discount_id, order_date, total_amount) VALUES (NULL, 9, 3, 1, '2024-07-07 00:00:00', 119000);
INSERT INTO orders (order_id, customer_id, cashier, discount_id, order_date, total_amount) VALUES (NULL, 38, 2, 3, '2024-09-10 00:00:00', 156000);
INSERT INTO orders (order_id, customer_id, cashier, discount_id, order_date, total_amount) VALUES (NULL, 37, 2, 5, '2024-07-03 00:00:00', 110000);
INSERT INTO orders (order_id, customer_id, cashier, discount_id, order_date, total_amount) VALUES (NULL, 30, 2, 1, '2024-10-08 00:00:00', 200000);
INSERT INTO orders (order_id, customer_id, cashier, discount_id, order_date, total_amount) VALUES (NULL, 50, 1, 1, '2024-10-03 00:00:00', 135000);
INSERT INTO orders (order_id, customer_id, cashier, discount_id, order_date, total_amount) VALUES (NULL, 50, 3, 2, '2024-07-13 00:00:00', 216000);
INSERT INTO orders (order_id, customer_id, cashier, discount_id, order_date, total_amount) VALUES (NULL, 28, 1, 3, '2024-09-29 00:00:00', 210000);
INSERT INTO orders (order_id, customer_id, cashier, discount_id, order_date, total_amount) VALUES (NULL, 28, 1, 3, '2024-11-08 00:00:00', 72000);
INSERT INTO orders (order_id, customer_id, cashier, discount_id, order_date, total_amount) VALUES (NULL, 15, 3, 1, '2024-10-25 00:00:00', 185000);
INSERT INTO orders (order_id, customer_id, cashier, discount_id, order_date, total_amount) VALUES (NULL, 31, 2, 1, '2024-09-08 00:00:00', 75000);
INSERT INTO orders (order_id, customer_id, cashier, discount_id, order_date, total_amount) VALUES (NULL, 38, 4, 1, '2024-08-28 00:00:00', 24000);
INSERT INTO orders (order_id, customer_id, cashier, discount_id, order_date, total_amount) VALUES (NULL, 28, 2, 5, '2024-07-06 00:00:00', 20000);
INSERT INTO orders (order_id, customer_id, cashier, discount_id, order_date, total_amount) VALUES (NULL, 45, 2, 1, '2024-07-13 00:00:00', 129000);
INSERT INTO orders (order_id, customer_id, cashier, discount_id, order_date, total_amount) VALUES (NULL, 24, 3, 5, '2024-10-18 00:00:00', 245000);
INSERT INTO orders (order_id, customer_id, cashier, discount_id, order_date, total_amount) VALUES (NULL, 34, 1, NULL, '2024-10-03 00:00:00', 30000);
INSERT INTO orders (order_id, customer_id, cashier, discount_id, order_date, total_amount) VALUES (NULL, 31, 2, 4, '2024-09-18 00:00:00', 90000);
INSERT INTO orders (order_id, customer_id, cashier, discount_id, order_date, total_amount) VALUES (NULL, 12, 2, 5, '2024-09-11 00:00:00', 311000);
INSERT INTO orders (order_id, customer_id, cashier, discount_id, order_date, total_amount) VALUES (NULL, 47, 4, 2, '2024-09-08 00:00:00', 90000);
INSERT INTO orders (order_id, customer_id, cashier, discount_id, order_date, total_amount) VALUES (NULL, 45, 4, 1, '2024-10-04 00:00:00', 75000);
INSERT INTO orders (order_id, customer_id, cashier, discount_id, order_date, total_amount) VALUES (NULL, 30, 3, 2, '2024-07-04 00:00:00', 89000);
INSERT INTO orders (order_id, customer_id, cashier, discount_id, order_date, total_amount) VALUES (NULL, 20, 2, 5, '2024-09-05 00:00:00', 30000);
INSERT INTO orders (order_id, customer_id, cashier, discount_id, order_date, total_amount) VALUES (NULL, 14, 2, 1, '2024-10-07 00:00:00', 119000);
INSERT INTO orders (order_id, customer_id, cashier, discount_id, order_date, total_amount) VALUES (NULL, 47, 3, 2, '2024-09-17 00:00:00', 75000);
INSERT INTO orders (order_id, customer_id, cashier, discount_id, order_date, total_amount) VALUES (NULL, 47, 1, NULL, '2024-08-07 00:00:00', 135000);
INSERT INTO orders (order_id, customer_id, cashier, discount_id, order_date, total_amount) VALUES (NULL, 21, 1, NULL, '2024-09-29 00:00:00', 36000);
INSERT INTO orders (order_id, customer_id, cashier, discount_id, order_date, total_amount) VALUES (NULL, 25, 2, 5, '2024-09-05 00:00:00', 70000);
INSERT INTO orders (order_id, customer_id, cashier, discount_id, order_date, total_amount) VALUES (NULL, 4, 1, 5, '2024-11-09 00:00:00', 112000);
INSERT INTO orders (order_id, customer_id, cashier, discount_id, order_date, total_amount) VALUES (NULL, 11, 1, 2, '2024-11-23 00:00:00', 120000);
INSERT INTO orders (order_id, customer_id, cashier, discount_id, order_date, total_amount) VALUES (NULL, 48, 3, 4, '2024-11-06 00:00:00', 149000);
INSERT INTO orders (order_id, customer_id, cashier, discount_id, order_date, total_amount) VALUES (NULL, 35, 3, 3, '2024-08-23 00:00:00', 153000);
INSERT INTO orders (order_id, customer_id, cashier, discount_id, order_date, total_amount) VALUES (NULL, 22, 1, 3, '2024-11-23 00:00:00', 25000);
INSERT INTO orders (order_id, customer_id, cashier, discount_id, order_date, total_amount) VALUES (NULL, 30, 2, 5, '2024-10-02 00:00:00', 100000);
INSERT INTO orders (order_id, customer_id, cashier, discount_id, order_date, total_amount) VALUES (NULL, 11, 1, 5, '2024-10-14 00:00:00', 105000);
INSERT INTO orders (order_id, customer_id, cashier, discount_id, order_date, total_amount) VALUES (NULL, 16, 1, 4, '2024-10-03 00:00:00', 189000);
INSERT INTO orders (order_id, customer_id, cashier, discount_id, order_date, total_amount) VALUES (NULL, 5, 1, 5, '2024-09-21 00:00:00', 95000);
INSERT INTO orders (order_id, customer_id, cashier, discount_id, order_date, total_amount) VALUES (NULL, 14, 3, 1, '2024-07-27 00:00:00', 50000);
INSERT INTO orders (order_id, customer_id, cashier, discount_id, order_date, total_amount) VALUES (NULL, 30, 1, 4, '2024-08-15 00:00:00', 195000);
INSERT INTO orders (order_id, customer_id, cashier, discount_id, order_date, total_amount) VALUES (NULL, 41, 1, 5, '2024-09-09 00:00:00', 250000);
INSERT INTO orders (order_id, customer_id, cashier, discount_id, order_date, total_amount) VALUES (NULL, 42, 4, 1, '2024-10-18 00:00:00', 75000);
INSERT INTO orders (order_id, customer_id, cashier, discount_id, order_date, total_amount) VALUES (NULL, 15, 3, 1, '2024-11-10 00:00:00', 52000);
INSERT INTO orders (order_id, customer_id, cashier, discount_id, order_date, total_amount) VALUES (NULL, 19, 3, 2, '2024-07-10 00:00:00', 30000);
INSERT INTO orders (order_id, customer_id, cashier, discount_id, order_date, total_amount) VALUES (NULL, 31, 1, 2, '2024-11-22 00:00:00', 36000);
INSERT INTO orders (order_id, customer_id, cashier, discount_id, order_date, total_amount) VALUES (NULL, 8, 3, 3, '2024-11-16 00:00:00', 45000);
INSERT INTO orders (order_id, customer_id, cashier, discount_id, order_date, total_amount) VALUES (NULL, 32, 4, NULL, '2024-08-09 00:00:00', 280000);
INSERT INTO orders (order_id, customer_id, cashier, discount_id, order_date, total_amount) VALUES (NULL, 10, 2, 1, '2024-08-22 00:00:00', 32000);
INSERT INTO orders (order_id, customer_id, cashier, discount_id, order_date, total_amount) VALUES (NULL, 6, 1, 3, '2024-09-03 00:00:00', 125000);
INSERT INTO orders (order_id, customer_id, cashier, discount_id, order_date, total_amount) VALUES (NULL, 16, 3, 4, '2024-09-02 00:00:00', 152000);
INSERT INTO orders (order_id, customer_id, cashier, discount_id, order_date, total_amount) VALUES (NULL, 28, 3, NULL, '2024-08-18 00:00:00', 178000);
INSERT INTO orders (order_id, customer_id, cashier, discount_id, order_date, total_amount) VALUES (NULL, 11, 4, 2, '2024-11-06 00:00:00', 249000);
INSERT INTO orders (order_id, customer_id, cashier, discount_id, order_date, total_amount) VALUES (NULL, 7, 2, 2, '2024-10-12 00:00:00', 265000);
INSERT INTO orders (order_id, customer_id, cashier, discount_id, order_date, total_amount) VALUES (NULL, 12, 2, 1, '2024-11-16 00:00:00', 32000);
INSERT INTO orders (order_id, customer_id, cashier, discount_id, order_date, total_amount) VALUES (NULL, 27, 1, 3, '2024-08-05 00:00:00', 97000);
INSERT INTO orders (order_id, customer_id, cashier, discount_id, order_date, total_amount) VALUES (NULL, 6, 3, 2, '2024-09-08 00:00:00', 135000);
INSERT INTO orders (order_id, customer_id, cashier, discount_id, order_date, total_amount) VALUES (NULL, 17, 2, 1, '2024-08-31 00:00:00', 65000);
INSERT INTO orders (order_id, customer_id, cashier, discount_id, order_date, total_amount) VALUES (NULL, 29, 1, 3, '2024-10-31 00:00:00', 189000);
INSERT INTO orders (order_id, customer_id, cashier, discount_id, order_date, total_amount) VALUES (NULL, 22, 3, 5, '2024-07-28 00:00:00', 232000);
INSERT INTO orders (order_id, customer_id, cashier, discount_id, order_date, total_amount) VALUES (NULL, 23, 1, 5, '2024-11-19 00:00:00', 85000);
INSERT INTO orders (order_id, customer_id, cashier, discount_id, order_date, total_amount) VALUES (NULL, 35, 4, 4, '2024-07-05 00:00:00', 90000);
INSERT INTO orders (order_id, customer_id, cashier, discount_id, order_date, total_amount) VALUES (NULL, 2, 4, 5, '2024-09-04 00:00:00', 30000);
INSERT INTO orders (order_id, customer_id, cashier, discount_id, order_date, total_amount) VALUES (NULL, 37, 3, 3, '2024-08-27 00:00:00', 205000);
INSERT INTO orders (order_id, customer_id, cashier, discount_id, order_date, total_amount) VALUES (NULL, 2, 3, 1, '2024-10-15 00:00:00', 75000);
INSERT INTO orders (order_id, customer_id, cashier, discount_id, order_date, total_amount) VALUES (NULL, 25, 4, 2, '2024-07-08 00:00:00', 150000);
INSERT INTO orders (order_id, customer_id, cashier, discount_id, order_date, total_amount) VALUES (NULL, 50, 1, 5, '2024-07-26 00:00:00', 181000);
INSERT INTO orders (order_id, customer_id, cashier, discount_id, order_date, total_amount) VALUES (NULL, 40, 3, 5, '2024-09-20 00:00:00', 235000);
INSERT INTO orders (order_id, customer_id, cashier, discount_id, order_date, total_amount) VALUES (NULL, 2, 2, 1, '2024-09-02 00:00:00', 213000);
INSERT INTO orders (order_id, customer_id, cashier, discount_id, order_date, total_amount) VALUES (NULL, 11, 3, 3, '2024-09-04 00:00:00', 75000);
INSERT INTO orders (order_id, customer_id, cashier, discount_id, order_date, total_amount) VALUES (NULL, 23, 3, 4, '2024-08-01 00:00:00', 36000);
INSERT INTO orders (order_id, customer_id, cashier, discount_id, order_date, total_amount) VALUES (NULL, 39, 3, 1, '2024-10-09 00:00:00', 185000);
INSERT INTO orders (order_id, customer_id, cashier, discount_id, order_date, total_amount) VALUES (NULL, 27, 1, 1, '2024-10-18 00:00:00', 150000);
INSERT INTO orders (order_id, customer_id, cashier, discount_id, order_date, total_amount) VALUES (NULL, 38, 1, 2, '2024-07-07 00:00:00', 165000);
INSERT INTO orders (order_id, customer_id, cashier, discount_id, order_date, total_amount) VALUES (NULL, 48, 3, NULL, '2024-07-27 00:00:00', 50000);
INSERT INTO orders (order_id, customer_id, cashier, discount_id, order_date, total_amount) VALUES (NULL, 24, 2, 1, '2024-11-23 00:00:00', 241000);
INSERT INTO orders (order_id, customer_id, cashier, discount_id, order_date, total_amount) VALUES (NULL, 38, 4, 3, '2024-11-09 00:00:00', 70000);
INSERT INTO orders (order_id, customer_id, cashier, discount_id, order_date, total_amount) VALUES (NULL, 3, 2, 1, '2024-07-01 00:00:00', 418000);
INSERT INTO orders (order_id, customer_id, cashier, discount_id, order_date, total_amount) VALUES (NULL, 49, 2, 1, '2024-10-07 00:00:00', 204000);
INSERT INTO orders (order_id, customer_id, cashier, discount_id, order_date, total_amount) VALUES (NULL, 20, 4, 1, '2024-07-16 00:00:00', 70000);
INSERT INTO orders (order_id, customer_id, cashier, discount_id, order_date, total_amount) VALUES (NULL, 37, 3, 2, '2024-09-21 00:00:00', 130000);

INSERT INTO order_items (order_item_id, order_id, menu_item_id, quantity, price) VALUES (NULL, 1, 13, 1, 30000);
INSERT INTO order_items (order_item_id, order_id, menu_item_id, quantity, price) VALUES (NULL, 1, 7, 1, 25000);
INSERT INTO order_items (order_item_id, order_id, menu_item_id, quantity, price) VALUES (NULL, 1, 13, 3, 30000);
INSERT INTO order_items (order_item_id, order_id, menu_item_id, quantity, price) VALUES (NULL, 2, 23, 2, 30000);
INSERT INTO order_items (order_item_id, order_id, menu_item_id, quantity, price) VALUES (NULL, 2, 2, 1, 22000);
INSERT INTO order_items (order_item_id, order_id, menu_item_id, quantity, price) VALUES (NULL, 2, 20, 2, 20000);
INSERT INTO order_items (order_item_id, order_id, menu_item_id, quantity, price) VALUES (NULL, 3, 19, 2, 12000);
INSERT INTO order_items (order_item_id, order_id, menu_item_id, quantity, price) VALUES (NULL, 3, 22, 3, 22000);
INSERT INTO order_items (order_item_id, order_id, menu_item_id, quantity, price) VALUES (NULL, 3, 14, 2, 35000);
INSERT INTO order_items (order_item_id, order_id, menu_item_id, quantity, price) VALUES (NULL, 3, 6, 3, 15000);
INSERT INTO order_items (order_item_id, order_id, menu_item_id, quantity, price) VALUES (NULL, 4, 4, 3, 35000);
INSERT INTO order_items (order_item_id, order_id, menu_item_id, quantity, price) VALUES (NULL, 4, 6, 3, 15000);
INSERT INTO order_items (order_item_id, order_id, menu_item_id, quantity, price) VALUES (NULL, 5, 30, 1, 20000);
INSERT INTO order_items (order_item_id, order_id, menu_item_id, quantity, price) VALUES (NULL, 5, 28, 1, 10000);
INSERT INTO order_items (order_item_id, order_id, menu_item_id, quantity, price) VALUES (NULL, 6, 28, 1, 10000);
INSERT INTO order_items (order_item_id, order_id, menu_item_id, quantity, price) VALUES (NULL, 6, 12, 1, 22000);
INSERT INTO order_items (order_item_id, order_id, menu_item_id, quantity, price) VALUES (NULL, 6, 4, 1, 35000);
INSERT INTO order_items (order_item_id, order_id, menu_item_id, quantity, price) VALUES (NULL, 6, 26, 3, 15000);
INSERT INTO order_items (order_item_id, order_id, menu_item_id, quantity, price) VALUES (NULL, 6, 21, 2, 25000);
INSERT INTO order_items (order_item_id, order_id, menu_item_id, quantity, price) VALUES (NULL, 7, 2, 3, 22000);
INSERT INTO order_items (order_item_id, order_id, menu_item_id, quantity, price) VALUES (NULL, 7, 4, 3, 35000);
INSERT INTO order_items (order_item_id, order_id, menu_item_id, quantity, price) VALUES (NULL, 7, 3, 3, 30000);
INSERT INTO order_items (order_item_id, order_id, menu_item_id, quantity, price) VALUES (NULL, 7, 18, 1, 10000);
INSERT INTO order_items (order_item_id, order_id, menu_item_id, quantity, price) VALUES (NULL, 7, 5, 1, 45000);
INSERT INTO order_items (order_item_id, order_id, menu_item_id, quantity, price) VALUES (NULL, 8, 2, 1, 22000);
INSERT INTO order_items (order_item_id, order_id, menu_item_id, quantity, price) VALUES (NULL, 8, 12, 1, 22000);
INSERT INTO order_items (order_item_id, order_id, menu_item_id, quantity, price) VALUES (NULL, 8, 8, 1, 10000);
INSERT INTO order_items (order_item_id, order_id, menu_item_id, quantity, price) VALUES (NULL, 9, 13, 2, 30000);
INSERT INTO order_items (order_item_id, order_id, menu_item_id, quantity, price) VALUES (NULL, 9, 18, 1, 10000);
INSERT INTO order_items (order_item_id, order_id, menu_item_id, quantity, price) VALUES (NULL, 9, 27, 3, 25000);
INSERT INTO order_items (order_item_id, order_id, menu_item_id, quantity, price) VALUES (NULL, 10, 26, 2, 15000);
INSERT INTO order_items (order_item_id, order_id, menu_item_id, quantity, price) VALUES (NULL, 10, 15, 2, 45000);
INSERT INTO order_items (order_item_id, order_id, menu_item_id, quantity, price) VALUES (NULL, 11, 30, 3, 20000);
INSERT INTO order_items (order_item_id, order_id, menu_item_id, quantity, price) VALUES (NULL, 11, 20, 3, 20000);
INSERT INTO order_items (order_item_id, order_id, menu_item_id, quantity, price) VALUES (NULL, 11, 24, 1, 35000);
INSERT INTO order_items (order_item_id, order_id, menu_item_id, quantity, price) VALUES (NULL, 11, 3, 1, 30000);
INSERT INTO order_items (order_item_id, order_id, menu_item_id, quantity, price) VALUES (NULL, 12, 6, 3, 15000);
INSERT INTO order_items (order_item_id, order_id, menu_item_id, quantity, price) VALUES (NULL, 12, 24, 3, 35000);
INSERT INTO order_items (order_item_id, order_id, menu_item_id, quantity, price) VALUES (NULL, 12, 17, 2, 25000);
INSERT INTO order_items (order_item_id, order_id, menu_item_id, quantity, price) VALUES (NULL, 12, 29, 1, 12000);
INSERT INTO order_items (order_item_id, order_id, menu_item_id, quantity, price) VALUES (NULL, 13, 6, 2, 15000);
INSERT INTO order_items (order_item_id, order_id, menu_item_id, quantity, price) VALUES (NULL, 13, 11, 2, 25000);
INSERT INTO order_items (order_item_id, order_id, menu_item_id, quantity, price) VALUES (NULL, 13, 14, 3, 35000);
INSERT INTO order_items (order_item_id, order_id, menu_item_id, quantity, price) VALUES (NULL, 14, 17, 1, 25000);
INSERT INTO order_items (order_item_id, order_id, menu_item_id, quantity, price) VALUES (NULL, 14, 26, 2, 15000);
INSERT INTO order_items (order_item_id, order_id, menu_item_id, quantity, price) VALUES (NULL, 14, 16, 2, 15000);
INSERT INTO order_items (order_item_id, order_id, menu_item_id, quantity, price) VALUES (NULL, 14, 27, 3, 25000);
INSERT INTO order_items (order_item_id, order_id, menu_item_id, quantity, price) VALUES (NULL, 15, 19, 3, 12000);
INSERT INTO order_items (order_item_id, order_id, menu_item_id, quantity, price) VALUES (NULL, 15, 21, 1, 25000);
INSERT INTO order_items (order_item_id, order_id, menu_item_id, quantity, price) VALUES (NULL, 16, 23, 1, 30000);
INSERT INTO order_items (order_item_id, order_id, menu_item_id, quantity, price) VALUES (NULL, 16, 23, 2, 30000);
INSERT INTO order_items (order_item_id, order_id, menu_item_id, quantity, price) VALUES (NULL, 16, 26, 2, 15000);
INSERT INTO order_items (order_item_id, order_id, menu_item_id, quantity, price) VALUES (NULL, 17, 8, 2, 10000);
INSERT INTO order_items (order_item_id, order_id, menu_item_id, quantity, price) VALUES (NULL, 18, 10, 2, 20000);
INSERT INTO order_items (order_item_id, order_id, menu_item_id, quantity, price) VALUES (NULL, 18, 27, 3, 25000);
INSERT INTO order_items (order_item_id, order_id, menu_item_id, quantity, price) VALUES (NULL, 19, 6, 3, 15000);
INSERT INTO order_items (order_item_id, order_id, menu_item_id, quantity, price) VALUES (NULL, 20, 26, 2, 15000);
INSERT INTO order_items (order_item_id, order_id, menu_item_id, quantity, price) VALUES (NULL, 20, 23, 1, 30000);
INSERT INTO order_items (order_item_id, order_id, menu_item_id, quantity, price) VALUES (NULL, 20, 23, 2, 30000);
INSERT INTO order_items (order_item_id, order_id, menu_item_id, quantity, price) VALUES (NULL, 20, 24, 1, 35000);
INSERT INTO order_items (order_item_id, order_id, menu_item_id, quantity, price) VALUES (NULL, 20, 28, 2, 10000);
INSERT INTO order_items (order_item_id, order_id, menu_item_id, quantity, price) VALUES (NULL, 21, 22, 3, 22000);
INSERT INTO order_items (order_item_id, order_id, menu_item_id, quantity, price) VALUES (NULL, 21, 7, 3, 25000);
INSERT INTO order_items (order_item_id, order_id, menu_item_id, quantity, price) VALUES (NULL, 22, 8, 2, 10000);
INSERT INTO order_items (order_item_id, order_id, menu_item_id, quantity, price) VALUES (NULL, 22, 20, 1, 20000);
INSERT INTO order_items (order_item_id, order_id, menu_item_id, quantity, price) VALUES (NULL, 22, 27, 1, 25000);
INSERT INTO order_items (order_item_id, order_id, menu_item_id, quantity, price) VALUES (NULL, 23, 29, 1, 12000);
INSERT INTO order_items (order_item_id, order_id, menu_item_id, quantity, price) VALUES (NULL, 23, 1, 2, 25000);
INSERT INTO order_items (order_item_id, order_id, menu_item_id, quantity, price) VALUES (NULL, 23, 3, 2, 30000);
INSERT INTO order_items (order_item_id, order_id, menu_item_id, quantity, price) VALUES (NULL, 23, 6, 3, 15000);
INSERT INTO order_items (order_item_id, order_id, menu_item_id, quantity, price) VALUES (NULL, 24, 26, 1, 15000);
INSERT INTO order_items (order_item_id, order_id, menu_item_id, quantity, price) VALUES (NULL, 24, 19, 2, 12000);
INSERT INTO order_items (order_item_id, order_id, menu_item_id, quantity, price) VALUES (NULL, 24, 8, 1, 10000);
INSERT INTO order_items (order_item_id, order_id, menu_item_id, quantity, price) VALUES (NULL, 24, 24, 2, 35000);
INSERT INTO order_items (order_item_id, order_id, menu_item_id, quantity, price) VALUES (NULL, 25, 3, 1, 30000);
INSERT INTO order_items (order_item_id, order_id, menu_item_id, quantity, price) VALUES (NULL, 25, 20, 3, 20000);
INSERT INTO order_items (order_item_id, order_id, menu_item_id, quantity, price) VALUES (NULL, 25, 19, 3, 12000);
INSERT INTO order_items (order_item_id, order_id, menu_item_id, quantity, price) VALUES (NULL, 25, 6, 2, 15000);
INSERT INTO order_items (order_item_id, order_id, menu_item_id, quantity, price) VALUES (NULL, 26, 8, 1, 10000);
INSERT INTO order_items (order_item_id, order_id, menu_item_id, quantity, price) VALUES (NULL, 26, 8, 3, 10000);
INSERT INTO order_items (order_item_id, order_id, menu_item_id, quantity, price) VALUES (NULL, 26, 1, 1, 25000);
INSERT INTO order_items (order_item_id, order_id, menu_item_id, quantity, price) VALUES (NULL, 26, 25, 1, 45000);
INSERT INTO order_items (order_item_id, order_id, menu_item_id, quantity, price) VALUES (NULL, 27, 20, 1, 20000);
INSERT INTO order_items (order_item_id, order_id, menu_item_id, quantity, price) VALUES (NULL, 27, 7, 3, 25000);
INSERT INTO order_items (order_item_id, order_id, menu_item_id, quantity, price) VALUES (NULL, 27, 4, 3, 35000);
INSERT INTO order_items (order_item_id, order_id, menu_item_id, quantity, price) VALUES (NULL, 28, 25, 3, 45000);
INSERT INTO order_items (order_item_id, order_id, menu_item_id, quantity, price) VALUES (NULL, 29, 15, 3, 45000);
INSERT INTO order_items (order_item_id, order_id, menu_item_id, quantity, price) VALUES (NULL, 29, 16, 1, 15000);
INSERT INTO order_items (order_item_id, order_id, menu_item_id, quantity, price) VALUES (NULL, 29, 2, 3, 22000);
INSERT INTO order_items (order_item_id, order_id, menu_item_id, quantity, price) VALUES (NULL, 30, 10, 3, 20000);
INSERT INTO order_items (order_item_id, order_id, menu_item_id, quantity, price) VALUES (NULL, 30, 18, 3, 10000);
INSERT INTO order_items (order_item_id, order_id, menu_item_id, quantity, price) VALUES (NULL, 30, 5, 2, 45000);
INSERT INTO order_items (order_item_id, order_id, menu_item_id, quantity, price) VALUES (NULL, 30, 13, 1, 30000);
INSERT INTO order_items (order_item_id, order_id, menu_item_id, quantity, price) VALUES (NULL, 31, 11, 1, 25000);
INSERT INTO order_items (order_item_id, order_id, menu_item_id, quantity, price) VALUES (NULL, 31, 2, 1, 22000);
INSERT INTO order_items (order_item_id, order_id, menu_item_id, quantity, price) VALUES (NULL, 31, 11, 1, 25000);
INSERT INTO order_items (order_item_id, order_id, menu_item_id, quantity, price) VALUES (NULL, 32, 25, 3, 45000);
INSERT INTO order_items (order_item_id, order_id, menu_item_id, quantity, price) VALUES (NULL, 32, 21, 2, 25000);
INSERT INTO order_items (order_item_id, order_id, menu_item_id, quantity, price) VALUES (NULL, 33, 7, 3, 25000);
INSERT INTO order_items (order_item_id, order_id, menu_item_id, quantity, price) VALUES (NULL, 34, 19, 2, 12000);
INSERT INTO order_items (order_item_id, order_id, menu_item_id, quantity, price) VALUES (NULL, 35, 10, 1, 20000);
INSERT INTO order_items (order_item_id, order_id, menu_item_id, quantity, price) VALUES (NULL, 36, 14, 1, 35000);
INSERT INTO order_items (order_item_id, order_id, menu_item_id, quantity, price) VALUES (NULL, 36, 12, 1, 22000);
INSERT INTO order_items (order_item_id, order_id, menu_item_id, quantity, price) VALUES (NULL, 36, 20, 1, 20000);
INSERT INTO order_items (order_item_id, order_id, menu_item_id, quantity, price) VALUES (NULL, 36, 22, 1, 22000);
INSERT INTO order_items (order_item_id, order_id, menu_item_id, quantity, price) VALUES (NULL, 36, 23, 1, 30000);
INSERT INTO order_items (order_item_id, order_id, menu_item_id, quantity, price) VALUES (NULL, 37, 4, 1, 35000);
INSERT INTO order_items (order_item_id, order_id, menu_item_id, quantity, price) VALUES (NULL, 37, 24, 3, 35000);
INSERT INTO order_items (order_item_id, order_id, menu_item_id, quantity, price) VALUES (NULL, 37, 24, 2, 35000);
INSERT INTO order_items (order_item_id, order_id, menu_item_id, quantity, price) VALUES (NULL, 37, 14, 1, 35000);
INSERT INTO order_items (order_item_id, order_id, menu_item_id, quantity, price) VALUES (NULL, 38, 8, 3, 10000);
INSERT INTO order_items (order_item_id, order_id, menu_item_id, quantity, price) VALUES (NULL, 39, 10, 2, 20000);
INSERT INTO order_items (order_item_id, order_id, menu_item_id, quantity, price) VALUES (NULL, 39, 26, 1, 15000);
INSERT INTO order_items (order_item_id, order_id, menu_item_id, quantity, price) VALUES (NULL, 39, 24, 1, 35000);
INSERT INTO order_items (order_item_id, order_id, menu_item_id, quantity, price) VALUES (NULL, 40, 24, 3, 35000);
INSERT INTO order_items (order_item_id, order_id, menu_item_id, quantity, price) VALUES (NULL, 40, 13, 2, 30000);
INSERT INTO order_items (order_item_id, order_id, menu_item_id, quantity, price) VALUES (NULL, 40, 10, 1, 20000);
INSERT INTO order_items (order_item_id, order_id, menu_item_id, quantity, price) VALUES (NULL, 40, 3, 3, 30000);
INSERT INTO order_items (order_item_id, order_id, menu_item_id, quantity, price) VALUES (NULL, 40, 19, 3, 12000);
INSERT INTO order_items (order_item_id, order_id, menu_item_id, quantity, price) VALUES (NULL, 41, 10, 2, 20000);
INSERT INTO order_items (order_item_id, order_id, menu_item_id, quantity, price) VALUES (NULL, 41, 7, 2, 25000);
INSERT INTO order_items (order_item_id, order_id, menu_item_id, quantity, price) VALUES (NULL, 42, 27, 2, 25000);
INSERT INTO order_items (order_item_id, order_id, menu_item_id, quantity, price) VALUES (NULL, 42, 1, 1, 25000);
INSERT INTO order_items (order_item_id, order_id, menu_item_id, quantity, price) VALUES (NULL, 43, 22, 1, 22000);
INSERT INTO order_items (order_item_id, order_id, menu_item_id, quantity, price) VALUES (NULL, 43, 26, 3, 15000);
INSERT INTO order_items (order_item_id, order_id, menu_item_id, quantity, price) VALUES (NULL, 43, 18, 1, 10000);
INSERT INTO order_items (order_item_id, order_id, menu_item_id, quantity, price) VALUES (NULL, 43, 19, 1, 12000);
INSERT INTO order_items (order_item_id, order_id, menu_item_id, quantity, price) VALUES (NULL, 44, 26, 2, 15000);
INSERT INTO order_items (order_item_id, order_id, menu_item_id, quantity, price) VALUES (NULL, 45, 21, 2, 25000);
INSERT INTO order_items (order_item_id, order_id, menu_item_id, quantity, price) VALUES (NULL, 45, 9, 1, 12000);
INSERT INTO order_items (order_item_id, order_id, menu_item_id, quantity, price) VALUES (NULL, 45, 9, 1, 12000);
INSERT INTO order_items (order_item_id, order_id, menu_item_id, quantity, price) VALUES (NULL, 45, 16, 3, 15000);
INSERT INTO order_items (order_item_id, order_id, menu_item_id, quantity, price) VALUES (NULL, 46, 17, 1, 25000);
INSERT INTO order_items (order_item_id, order_id, menu_item_id, quantity, price) VALUES (NULL, 46, 1, 2, 25000);
INSERT INTO order_items (order_item_id, order_id, menu_item_id, quantity, price) VALUES (NULL, 47, 5, 3, 45000);
INSERT INTO order_items (order_item_id, order_id, menu_item_id, quantity, price) VALUES (NULL, 48, 9, 3, 12000);
INSERT INTO order_items (order_item_id, order_id, menu_item_id, quantity, price) VALUES (NULL, 49, 15, 1, 45000);
INSERT INTO order_items (order_item_id, order_id, menu_item_id, quantity, price) VALUES (NULL, 49, 27, 1, 25000);
INSERT INTO order_items (order_item_id, order_id, menu_item_id, quantity, price) VALUES (NULL, 50, 28, 1, 10000);
INSERT INTO order_items (order_item_id, order_id, menu_item_id, quantity, price) VALUES (NULL, 50, 22, 3, 22000);
INSERT INTO order_items (order_item_id, order_id, menu_item_id, quantity, price) VALUES (NULL, 50, 19, 3, 12000);
INSERT INTO order_items (order_item_id, order_id, menu_item_id, quantity, price) VALUES (NULL, 51, 3, 3, 30000);
INSERT INTO order_items (order_item_id, order_id, menu_item_id, quantity, price) VALUES (NULL, 51, 18, 1, 10000);
INSERT INTO order_items (order_item_id, order_id, menu_item_id, quantity, price) VALUES (NULL, 51, 30, 1, 20000);
INSERT INTO order_items (order_item_id, order_id, menu_item_id, quantity, price) VALUES (NULL, 52, 2, 2, 22000);
INSERT INTO order_items (order_item_id, order_id, menu_item_id, quantity, price) VALUES (NULL, 52, 23, 2, 30000);
INSERT INTO order_items (order_item_id, order_id, menu_item_id, quantity, price) VALUES (NULL, 52, 26, 3, 15000);
INSERT INTO order_items (order_item_id, order_id, menu_item_id, quantity, price) VALUES (NULL, 53, 21, 2, 25000);
INSERT INTO order_items (order_item_id, order_id, menu_item_id, quantity, price) VALUES (NULL, 53, 2, 1, 22000);
INSERT INTO order_items (order_item_id, order_id, menu_item_id, quantity, price) VALUES (NULL, 53, 6, 1, 15000);
INSERT INTO order_items (order_item_id, order_id, menu_item_id, quantity, price) VALUES (NULL, 53, 22, 3, 22000);
INSERT INTO order_items (order_item_id, order_id, menu_item_id, quantity, price) VALUES (NULL, 54, 7, 1, 25000);
INSERT INTO order_items (order_item_id, order_id, menu_item_id, quantity, price) VALUES (NULL, 55, 16, 1, 15000);
INSERT INTO order_items (order_item_id, order_id, menu_item_id, quantity, price) VALUES (NULL, 55, 16, 1, 15000);
INSERT INTO order_items (order_item_id, order_id, menu_item_id, quantity, price) VALUES (NULL, 55, 5, 1, 45000);
INSERT INTO order_items (order_item_id, order_id, menu_item_id, quantity, price) VALUES (NULL, 55, 7, 1, 25000);
INSERT INTO order_items (order_item_id, order_id, menu_item_id, quantity, price) VALUES (NULL, 56, 27, 2, 25000);
INSERT INTO order_items (order_item_id, order_id, menu_item_id, quantity, price) VALUES (NULL, 56, 6, 2, 15000);
INSERT INTO order_items (order_item_id, order_id, menu_item_id, quantity, price) VALUES (NULL, 56, 27, 1, 25000);
INSERT INTO order_items (order_item_id, order_id, menu_item_id, quantity, price) VALUES (NULL, 57, 17, 3, 25000);
INSERT INTO order_items (order_item_id, order_id, menu_item_id, quantity, price) VALUES (NULL, 57, 25, 2, 45000);
INSERT INTO order_items (order_item_id, order_id, menu_item_id, quantity, price) VALUES (NULL, 57, 19, 2, 12000);
INSERT INTO order_items (order_item_id, order_id, menu_item_id, quantity, price) VALUES (NULL, 58, 21, 2, 25000);
INSERT INTO order_items (order_item_id, order_id, menu_item_id, quantity, price) VALUES (NULL, 58, 25, 1, 45000);
INSERT INTO order_items (order_item_id, order_id, menu_item_id, quantity, price) VALUES (NULL, 59, 20, 1, 20000);
INSERT INTO order_items (order_item_id, order_id, menu_item_id, quantity, price) VALUES (NULL, 59, 18, 3, 10000);
INSERT INTO order_items (order_item_id, order_id, menu_item_id, quantity, price) VALUES (NULL, 60, 3, 3, 30000);
INSERT INTO order_items (order_item_id, order_id, menu_item_id, quantity, price) VALUES (NULL, 60, 17, 3, 25000);
INSERT INTO order_items (order_item_id, order_id, menu_item_id, quantity, price) VALUES (NULL, 60, 28, 3, 10000);
INSERT INTO order_items (order_item_id, order_id, menu_item_id, quantity, price) VALUES (NULL, 61, 25, 2, 45000);
INSERT INTO order_items (order_item_id, order_id, menu_item_id, quantity, price) VALUES (NULL, 61, 4, 2, 35000);
INSERT INTO order_items (order_item_id, order_id, menu_item_id, quantity, price) VALUES (NULL, 61, 6, 2, 15000);
INSERT INTO order_items (order_item_id, order_id, menu_item_id, quantity, price) VALUES (NULL, 61, 3, 2, 30000);
INSERT INTO order_items (order_item_id, order_id, menu_item_id, quantity, price) VALUES (NULL, 62, 27, 3, 25000);
INSERT INTO order_items (order_item_id, order_id, menu_item_id, quantity, price) VALUES (NULL, 63, 29, 1, 12000);
INSERT INTO order_items (order_item_id, order_id, menu_item_id, quantity, price) VALUES (NULL, 63, 30, 2, 20000);
INSERT INTO order_items (order_item_id, order_id, menu_item_id, quantity, price) VALUES (NULL, 64, 8, 3, 10000);
INSERT INTO order_items (order_item_id, order_id, menu_item_id, quantity, price) VALUES (NULL, 65, 9, 3, 12000);
INSERT INTO order_items (order_item_id, order_id, menu_item_id, quantity, price) VALUES (NULL, 66, 30, 1, 20000);
INSERT INTO order_items (order_item_id, order_id, menu_item_id, quantity, price) VALUES (NULL, 66, 11, 1, 25000);
INSERT INTO order_items (order_item_id, order_id, menu_item_id, quantity, price) VALUES (NULL, 67, 26, 3, 15000);
INSERT INTO order_items (order_item_id, order_id, menu_item_id, quantity, price) VALUES (NULL, 67, 14, 2, 35000);
INSERT INTO order_items (order_item_id, order_id, menu_item_id, quantity, price) VALUES (NULL, 67, 16, 2, 15000);
INSERT INTO order_items (order_item_id, order_id, menu_item_id, quantity, price) VALUES (NULL, 67, 25, 3, 45000);
INSERT INTO order_items (order_item_id, order_id, menu_item_id, quantity, price) VALUES (NULL, 68, 29, 1, 12000);
INSERT INTO order_items (order_item_id, order_id, menu_item_id, quantity, price) VALUES (NULL, 68, 18, 2, 10000);
INSERT INTO order_items (order_item_id, order_id, menu_item_id, quantity, price) VALUES (NULL, 69, 24, 1, 35000);
INSERT INTO order_items (order_item_id, order_id, menu_item_id, quantity, price) VALUES (NULL, 69, 5, 1, 45000);
INSERT INTO order_items (order_item_id, order_id, menu_item_id, quantity, price) VALUES (NULL, 69, 5, 1, 45000);
INSERT INTO order_items (order_item_id, order_id, menu_item_id, quantity, price) VALUES (NULL, 70, 26, 2, 15000);
INSERT INTO order_items (order_item_id, order_id, menu_item_id, quantity, price) VALUES (NULL, 70, 17, 2, 25000);
INSERT INTO order_items (order_item_id, order_id, menu_item_id, quantity, price) VALUES (NULL, 70, 10, 2, 20000);
INSERT INTO order_items (order_item_id, order_id, menu_item_id, quantity, price) VALUES (NULL, 70, 8, 1, 10000);
INSERT INTO order_items (order_item_id, order_id, menu_item_id, quantity, price) VALUES (NULL, 70, 2, 1, 22000);
INSERT INTO order_items (order_item_id, order_id, menu_item_id, quantity, price) VALUES (NULL, 71, 13, 3, 30000);
INSERT INTO order_items (order_item_id, order_id, menu_item_id, quantity, price) VALUES (NULL, 71, 29, 3, 12000);
INSERT INTO order_items (order_item_id, order_id, menu_item_id, quantity, price) VALUES (NULL, 71, 20, 2, 20000);
INSERT INTO order_items (order_item_id, order_id, menu_item_id, quantity, price) VALUES (NULL, 71, 9, 1, 12000);
INSERT INTO order_items (order_item_id, order_id, menu_item_id, quantity, price) VALUES (NULL, 72, 10, 3, 20000);
INSERT INTO order_items (order_item_id, order_id, menu_item_id, quantity, price) VALUES (NULL, 72, 15, 2, 45000);
INSERT INTO order_items (order_item_id, order_id, menu_item_id, quantity, price) VALUES (NULL, 72, 19, 2, 12000);
INSERT INTO order_items (order_item_id, order_id, menu_item_id, quantity, price) VALUES (NULL, 72, 26, 2, 15000);
INSERT INTO order_items (order_item_id, order_id, menu_item_id, quantity, price) VALUES (NULL, 72, 25, 1, 45000);
INSERT INTO order_items (order_item_id, order_id, menu_item_id, quantity, price) VALUES (NULL, 73, 25, 3, 45000);
INSERT INTO order_items (order_item_id, order_id, menu_item_id, quantity, price) VALUES (NULL, 73, 15, 1, 45000);
INSERT INTO order_items (order_item_id, order_id, menu_item_id, quantity, price) VALUES (NULL, 73, 30, 3, 20000);
INSERT INTO order_items (order_item_id, order_id, menu_item_id, quantity, price) VALUES (NULL, 73, 21, 1, 25000);
INSERT INTO order_items (order_item_id, order_id, menu_item_id, quantity, price) VALUES (NULL, 74, 30, 1, 20000);
INSERT INTO order_items (order_item_id, order_id, menu_item_id, quantity, price) VALUES (NULL, 74, 19, 1, 12000);
INSERT INTO order_items (order_item_id, order_id, menu_item_id, quantity, price) VALUES (NULL, 75, 16, 3, 15000);
INSERT INTO order_items (order_item_id, order_id, menu_item_id, quantity, price) VALUES (NULL, 75, 3, 1, 30000);
INSERT INTO order_items (order_item_id, order_id, menu_item_id, quantity, price) VALUES (NULL, 75, 2, 1, 22000);
INSERT INTO order_items (order_item_id, order_id, menu_item_id, quantity, price) VALUES (NULL, 76, 1, 2, 25000);
INSERT INTO order_items (order_item_id, order_id, menu_item_id, quantity, price) VALUES (NULL, 76, 8, 1, 10000);
INSERT INTO order_items (order_item_id, order_id, menu_item_id, quantity, price) VALUES (NULL, 76, 17, 3, 25000);
INSERT INTO order_items (order_item_id, order_id, menu_item_id, quantity, price) VALUES (NULL, 77, 10, 1, 20000);
INSERT INTO order_items (order_item_id, order_id, menu_item_id, quantity, price) VALUES (NULL, 77, 26, 3, 15000);
INSERT INTO order_items (order_item_id, order_id, menu_item_id, quantity, price) VALUES (NULL, 78, 28, 3, 10000);
INSERT INTO order_items (order_item_id, order_id, menu_item_id, quantity, price) VALUES (NULL, 78, 22, 2, 22000);
INSERT INTO order_items (order_item_id, order_id, menu_item_id, quantity, price) VALUES (NULL, 78, 17, 1, 25000);
INSERT INTO order_items (order_item_id, order_id, menu_item_id, quantity, price) VALUES (NULL, 78, 15, 2, 45000);
INSERT INTO order_items (order_item_id, order_id, menu_item_id, quantity, price) VALUES (NULL, 79, 14, 3, 35000);
INSERT INTO order_items (order_item_id, order_id, menu_item_id, quantity, price) VALUES (NULL, 79, 22, 1, 22000);
INSERT INTO order_items (order_item_id, order_id, menu_item_id, quantity, price) VALUES (NULL, 79, 6, 2, 15000);
INSERT INTO order_items (order_item_id, order_id, menu_item_id, quantity, price) VALUES (NULL, 79, 26, 3, 15000);
INSERT INTO order_items (order_item_id, order_id, menu_item_id, quantity, price) VALUES (NULL, 79, 28, 3, 10000);
INSERT INTO order_items (order_item_id, order_id, menu_item_id, quantity, price) VALUES (NULL, 80, 1, 2, 25000);
INSERT INTO order_items (order_item_id, order_id, menu_item_id, quantity, price) VALUES (NULL, 80, 14, 1, 35000);
INSERT INTO order_items (order_item_id, order_id, menu_item_id, quantity, price) VALUES (NULL, 81, 26, 1, 15000);
INSERT INTO order_items (order_item_id, order_id, menu_item_id, quantity, price) VALUES (NULL, 81, 30, 2, 20000);
INSERT INTO order_items (order_item_id, order_id, menu_item_id, quantity, price) VALUES (NULL, 81, 6, 1, 15000);
INSERT INTO order_items (order_item_id, order_id, menu_item_id, quantity, price) VALUES (NULL, 81, 20, 1, 20000);
INSERT INTO order_items (order_item_id, order_id, menu_item_id, quantity, price) VALUES (NULL, 82, 18, 3, 10000);
INSERT INTO order_items (order_item_id, order_id, menu_item_id, quantity, price) VALUES (NULL, 83, 5, 3, 45000);
INSERT INTO order_items (order_item_id, order_id, menu_item_id, quantity, price) VALUES (NULL, 83, 18, 2, 10000);
INSERT INTO order_items (order_item_id, order_id, menu_item_id, quantity, price) VALUES (NULL, 83, 27, 2, 25000);
INSERT INTO order_items (order_item_id, order_id, menu_item_id, quantity, price) VALUES (NULL, 84, 26, 1, 15000);
INSERT INTO order_items (order_item_id, order_id, menu_item_id, quantity, price) VALUES (NULL, 84, 23, 2, 30000);
INSERT INTO order_items (order_item_id, order_id, menu_item_id, quantity, price) VALUES (NULL, 85, 16, 1, 15000);
INSERT INTO order_items (order_item_id, order_id, menu_item_id, quantity, price) VALUES (NULL, 85, 26, 3, 15000);
INSERT INTO order_items (order_item_id, order_id, menu_item_id, quantity, price) VALUES (NULL, 85, 13, 3, 30000);
INSERT INTO order_items (order_item_id, order_id, menu_item_id, quantity, price) VALUES (NULL, 86, 9, 3, 12000);
INSERT INTO order_items (order_item_id, order_id, menu_item_id, quantity, price) VALUES (NULL, 86, 18, 2, 10000);
INSERT INTO order_items (order_item_id, order_id, menu_item_id, quantity, price) VALUES (NULL, 86, 21, 3, 25000);
INSERT INTO order_items (order_item_id, order_id, menu_item_id, quantity, price) VALUES (NULL, 86, 17, 2, 25000);
INSERT INTO order_items (order_item_id, order_id, menu_item_id, quantity, price) VALUES (NULL, 87, 14, 3, 35000);
INSERT INTO order_items (order_item_id, order_id, menu_item_id, quantity, price) VALUES (NULL, 87, 27, 1, 25000);
INSERT INTO order_items (order_item_id, order_id, menu_item_id, quantity, price) VALUES (NULL, 87, 11, 2, 25000);
INSERT INTO order_items (order_item_id, order_id, menu_item_id, quantity, price) VALUES (NULL, 87, 3, 1, 30000);
INSERT INTO order_items (order_item_id, order_id, menu_item_id, quantity, price) VALUES (NULL, 87, 11, 1, 25000);
INSERT INTO order_items (order_item_id, order_id, menu_item_id, quantity, price) VALUES (NULL, 88, 12, 1, 22000);
INSERT INTO order_items (order_item_id, order_id, menu_item_id, quantity, price) VALUES (NULL, 88, 8, 2, 10000);
INSERT INTO order_items (order_item_id, order_id, menu_item_id, quantity, price) VALUES (NULL, 88, 2, 3, 22000);
INSERT INTO order_items (order_item_id, order_id, menu_item_id, quantity, price) VALUES (NULL, 88, 24, 3, 35000);
INSERT INTO order_items (order_item_id, order_id, menu_item_id, quantity, price) VALUES (NULL, 89, 25, 1, 45000);
INSERT INTO order_items (order_item_id, order_id, menu_item_id, quantity, price) VALUES (NULL, 89, 26, 2, 15000);
INSERT INTO order_items (order_item_id, order_id, menu_item_id, quantity, price) VALUES (NULL, 90, 9, 3, 12000);
INSERT INTO order_items (order_item_id, order_id, menu_item_id, quantity, price) VALUES (NULL, 91, 17, 2, 25000);
INSERT INTO order_items (order_item_id, order_id, menu_item_id, quantity, price) VALUES (NULL, 91, 15, 3, 45000);
INSERT INTO order_items (order_item_id, order_id, menu_item_id, quantity, price) VALUES (NULL, 92, 23, 3, 30000);
INSERT INTO order_items (order_item_id, order_id, menu_item_id, quantity, price) VALUES (NULL, 92, 13, 2, 30000);
INSERT INTO order_items (order_item_id, order_id, menu_item_id, quantity, price) VALUES (NULL, 93, 10, 1, 20000);
INSERT INTO order_items (order_item_id, order_id, menu_item_id, quantity, price) VALUES (NULL, 93, 4, 2, 35000);
INSERT INTO order_items (order_item_id, order_id, menu_item_id, quantity, price) VALUES (NULL, 93, 11, 3, 25000);
INSERT INTO order_items (order_item_id, order_id, menu_item_id, quantity, price) VALUES (NULL, 94, 11, 2, 25000);
INSERT INTO order_items (order_item_id, order_id, menu_item_id, quantity, price) VALUES (NULL, 95, 19, 3, 12000);
INSERT INTO order_items (order_item_id, order_id, menu_item_id, quantity, price) VALUES (NULL, 95, 16, 1, 15000);
INSERT INTO order_items (order_item_id, order_id, menu_item_id, quantity, price) VALUES (NULL, 95, 18, 1, 10000);
INSERT INTO order_items (order_item_id, order_id, menu_item_id, quantity, price) VALUES (NULL, 95, 5, 1, 45000);
INSERT INTO order_items (order_item_id, order_id, menu_item_id, quantity, price) VALUES (NULL, 95, 25, 3, 45000);
INSERT INTO order_items (order_item_id, order_id, menu_item_id, quantity, price) VALUES (NULL, 96, 14, 2, 35000);
INSERT INTO order_items (order_item_id, order_id, menu_item_id, quantity, price) VALUES (NULL, 97, 2, 3, 22000);
INSERT INTO order_items (order_item_id, order_id, menu_item_id, quantity, price) VALUES (NULL, 97, 23, 3, 30000);
INSERT INTO order_items (order_item_id, order_id, menu_item_id, quantity, price) VALUES (NULL, 97, 5, 3, 45000);
INSERT INTO order_items (order_item_id, order_id, menu_item_id, quantity, price) VALUES (NULL, 97, 22, 1, 22000);
INSERT INTO order_items (order_item_id, order_id, menu_item_id, quantity, price) VALUES (NULL, 97, 4, 3, 35000);
INSERT INTO order_items (order_item_id, order_id, menu_item_id, quantity, price) VALUES (NULL, 98, 25, 2, 45000);
INSERT INTO order_items (order_item_id, order_id, menu_item_id, quantity, price) VALUES (NULL, 98, 9, 2, 12000);
INSERT INTO order_items (order_item_id, order_id, menu_item_id, quantity, price) VALUES (NULL, 98, 5, 2, 45000);
INSERT INTO order_items (order_item_id, order_id, menu_item_id, quantity, price) VALUES (NULL, 99, 24, 2, 35000);
INSERT INTO order_items (order_item_id, order_id, menu_item_id, quantity, price) VALUES (NULL, 100, 20, 3, 20000);
INSERT INTO order_items (order_item_id, order_id, menu_item_id, quantity, price) VALUES (NULL, 100, 24, 2, 35000);

